id,zone,centroid_lon,centroid_lat,num_vertices,shape_area_attr,shape_leng_attr
0,Waterbody,76.225194,11.50866,11,,3.395467
1,Waterbody,75.902115,11.617464,6,,1.777034
2,Waterbody,76.160892,11.501682,1659,,0.524903
3,Waterbody,76.057015,11.708026,29393,,5.903852
4,Waterbody,76.323443,11.66273,10007,,1.052086
5,Waterbody,76.395932,11.739593,1053,,0.15001
6,Waterbody,76.028754,11.541093,24,,0.007899
7,Waterbody,76.049849,11.883892,2581,,0.455763
8,Waterbody,76.310799,11.592587,572,,0.075519
9,Flood plain,76.024189,11.802688,5314,,1.061543
10,Flood plain,76.135684,11.757626,12522,,3.273268
11,Flood plain,76.307931,11.657568,23230,,5.023779
12,Flood plain,76.154189,11.639807,8574,,1.970366
13,Flood plain,76.095776,11.808045,55,,0.004464
14,Flood plain,76.001453,11.68367,8424,,1.867289
15,Flood plain,76.095191,11.830531,21,,0.005187
16,Flood plain,76.118337,11.843431,15,,0.00178
17,Flood plain,76.118134,11.845723,15,,0.002605
18,Flood plain,76.073936,11.677774,14355,,3.480378
19,Flood plain,76.146314,11.629703,4882,,1.125407
20,Flood plain,75.990701,11.753312,16235,,4.128647
21,Flood plain,76.041844,11.635662,5867,,1.441163
22,Flood plain,76.077298,11.742776,30,,0.00295
23,Flood plain,76.103195,11.838928,22,,0.002453
24,Flood plain,76.118858,11.844137,16,,0.002387
25,Flood plain,76.119036,11.843584,18,,0.00351
26,Flood plain,76.100309,11.836918,19,,0.003146
27,Flood plain,76.093009,11.829447,14,,0.002921
28,Flood plain,76.098372,11.836401,22,,0.003448
29,Flood plain,76.095348,11.807694,59,,0.004795
30,Flood plain,76.095002,11.825338,94,,0.006625
31,Flood plain,76.122257,11.848412,28,,0.006928
32,Flood plain,76.129038,11.851817,15,,0.006104
33,Flood plain,76.106117,11.838892,30,,0.006827
34,Flood plain,76.108861,11.838912,39,,0.008127
35,Flood plain,76.117112,11.845345,29,,0.008477
36,Flood plain,76.114294,11.843108,31,,0.006831
37,Flood plain,76.09484,11.830479,28,,0.007994
38,Flood plain,76.117377,11.842904,22,,0.006554
39,Flood plain,76.10263,11.837972,42,,0.006608
40,Flood plain,76.094398,11.830854,36,,0.01043
41,Flood plain,76.120837,11.848049,50,,0.011547
42,Flood plain,76.115939,11.8424,44,,0.009288
43,Flood plain,76.097807,11.835124,52,,0.010525
44,Flood plain,76.114862,11.84265,52,,0.012031
45,Flood plain,76.09825,11.834432,59,,0.011251
46,Flood plain,76.125263,11.850372,32,,0.010602
47,Flood plain,76.121284,11.844066,37,,0.010542
48,Flood plain,76.095264,11.811418,31,,0.010813
49,Flood plain,76.112761,11.840189,24,,0.010399
50,Flood plain,76.116084,11.840604,75,,0.021148
51,Flood plain,76.120098,11.846288,60,,0.01863
52,Flood plain,75.954321,11.803183,4869,,1.059444
53,Flood plain,76.066118,11.851754,5359,,1.203597
54,Flood plain,76.058779,11.881968,1953,,0.40101
55,Flood plain,76.047298,11.888158,16,,0.003104
56,Flood plain,76.049029,11.889181,13,,0.002306
57,Flood plain,75.997132,11.903044,53,,0.006099
58,Flood plain,76.051475,11.88999,40,,0.009756
59,Flood plain,76.033444,11.885487,52,,0.005722
60,Flood plain,76.020383,11.885795,32,,0.004629
61,Flood plain,75.958315,11.693978,1348,,0.279034
62,Flood plain,76.047755,11.88802,25,,0.005136
